{
  "entityId": 209,
  "x": -215.902386358682,
  "y": 67,
  "z": -238.2000000069654,
  "yaw": -105,
  "pitch": 0,
  "onGround": true
}