{
  "entityId": 210,
  "x": -217.29140456101828,
  "y": 67,
  "z": -236.80201081545502,
  "yaw": 14,
  "pitch": 0,
  "onGround": true
}