{
  "entityId": 211,
  "x": -215.80402180488178,
  "y": 67,
  "z": -236.8147607856584,
  "yaw": 111,
  "pitch": 0,
  "onGround": true
}