{
  "soundId": 166,
  "soundCategory": 6,
  "x": -508,
  "y": 504,
  "z": 780,
  "volume": 0.4000000059604645,
  "pitch": 1.0080043077468872
}