{
  "soundId": 473,
  "soundCategory": 6,
  "x": 1967,
  "y": 577,
  "z": 2154,
  "volume": 0.4000000059604645,
  "pitch": 1.1591492891311646
}