{
  "soundId": 166,
  "soundCategory": 6,
  "x": -508,
  "y": 512,
  "z": 804,
  "volume": 0.4000000059604645,
  "pitch": 0.9039707779884338
}