{
  "entityId": 12,
  "entityUUID": "d38d2c14-5c9f-4473-9b2d-ff7f7c9a9ed1",
  "type": 90,
  "x": -163.00057391529512,
  "y": 63,
  "z": 282.0002139567801,
  "yaw": 49,
  "pitch": 0,
  "headPitch": -3,
  "velocityX": -4,
  "velocityY": -627,
  "velocityZ": 1
}