{
  "entityId": 13,
  "entityUUID": "6c6f9d02-f677-4c27-9690-119b24ce2f11",
  "type": 90,
  "x": -162.0002431000252,
  "y": 64,
  "z": 284.0005621909103,
  "yaw": 16,
  "pitch": 0,
  "headPitch": -36,
  "velocityX": -1,
  "velocityY": -627,
  "velocityZ": 4
}