{
  "entityId": 34,
  "x": -71.60000000149012,
  "y": 69,
  "z": 42.399999998509884,
  "yaw": -86,
  "pitch": 0,
  "onGround": true
}