{
  "entityId": 35,
  "x": -71.60000000149012,
  "y": 69,
  "z": 45.399999998509884,
  "yaw": -88,
  "pitch": 0,
  "onGround": true
}