{
  "entityId": 2662,
  "x": -61.51349716905132,
  "y": 35,
  "z": -37.51349716905132,
  "yaw": 96,
  "pitch": 0,
  "onGround": true
}