{
  "entityId": 2665,
  "x": -61.413497167561204,
  "y": 35,
  "z": -39.26435715971247,
  "yaw": -18,
  "pitch": 0,
  "onGround": true
}