{
  "entityId": 35,
  "objectUUID": "b73f7f36-27a1-4019-b2ff-d7c29ea3b086",
  "type": 35,
  "x": -205.35400948490022,
  "y": 24.505228054523467,
  "z": -191.75453394808693,
  "pitch": 0,
  "yaw": -100,
  "objectData": 0,
  "velocityX": 353,
  "velocityY": 1568,
  "velocityZ": 20
}