{
  "entityId": 126,
  "x": -29.069539424846,
  "y": 42,
  "z": 90.27810836986525,
  "yaw": 41,
  "pitch": 0,
  "onGround": true
}