{
  "entityId": 1026,
  "x": -93.98081005570546,
  "y": 44,
  "z": 69.51543805800215,
  "yaw": 34,
  "pitch": 0,
  "onGround": true
}