{
  "entityId": 1427,
  "x": 191.73564284028754,
  "y": 40,
  "z": 258.26435715971246,
  "yaw": -96,
  "pitch": 0,
  "onGround": true
}