{
  "entityId": 94,
  "objectUUID": "a942a2b1-a925-488d-84e4-2e5b992d8303",
  "type": 2,
  "x": -241.875,
  "y": 13.276850484989309,
  "z": 232.7103166001531,
  "pitch": 0,
  "yaw": -10,
  "objectData": 1,
  "velocityX": 0,
  "velocityY": -1272,
  "velocityZ": 0
}