{
  "entityId": 95,
  "objectUUID": "3b8148b1-5da6-4c4e-9ab4-faa1782b1d9d",
  "type": 2,
  "x": -246.875,
  "y": 15.240952604196691,
  "z": 234.41849784673784,
  "pitch": 0,
  "yaw": 16,
  "objectData": 1,
  "velocityX": 0,
  "velocityY": -1272,
  "velocityZ": -254
}