{
  "entityId": 177,
  "x": -188.10000000521455,
  "y": 72,
  "z": 43.89999999478545,
  "yaw": 86,
  "pitch": 0,
  "onGround": true
}