{
  "entityId": 71,
  "x": -229.70849383530174,
  "y": 67.41999998688698,
  "z": 48.44999998807907,
  "yaw": -118,
  "pitch": 0,
  "onGround": false
}