{
  "entityId": 234,
  "x": -198.54095000172256,
  "y": 18,
  "z": 26.540950001722575,
  "yaw": -95,
  "pitch": 0,
  "onGround": true
}