{
  "entityId": 178,
  "x": -186.80449999303022,
  "y": 72,
  "z": 45.19550000696977,
  "yaw": -101,
  "pitch": 0,
  "onGround": true
}