{
  "entityId": 233,
  "x": -197.45904999827744,
  "y": 18,
  "z": 28.449999999254942,
  "yaw": 120,
  "pitch": 0,
  "onGround": true
}