{
  "soundId": 154,
  "soundCategory": 6,
  "x": -1780,
  "y": 616,
  "z": -1020,
  "volume": 0.4000000059604645,
  "pitch": 0.8387736678123474
}