{
  "soundId": 154,
  "soundCategory": 6,
  "x": -1772,
  "y": 616,
  "z": -1028,
  "volume": 0.4000000059604645,
  "pitch": 1.1040385961532593
}