{
  "soundId": 154,
  "soundCategory": 6,
  "x": -1331,
  "y": 576,
  "z": 521,
  "volume": 0.4000000059604645,
  "pitch": 0.9581866264343262
}