{
  "soundId": 131,
  "soundCategory": 6,
  "x": 1352,
  "y": 504,
  "z": 263,
  "volume": 0.4000000059604645,
  "pitch": 0.9534288048744202
}