{
  "soundId": 131,
  "soundCategory": 6,
  "x": 1312,
  "y": 504,
  "z": 272,
  "volume": 0.4000000059604645,
  "pitch": 1.0334855318069458
}