{
  "soundId": 131,
  "soundCategory": 6,
  "x": 1344,
  "y": 504,
  "z": 264,
  "volume": 0.4000000059604645,
  "pitch": 0.9457827806472778
}