{
  "entityId": 149,
  "x": 220.88468502587216,
  "y": 64,
  "z": 269.3151599979667,
  "yaw": 52,
  "pitch": 0,
  "onGround": true
}