{
  "soundId": 164,
  "soundCategory": 6,
  "x": 132,
  "y": 608,
  "z": 119,
  "volume": 0.4000000059604645,
  "pitch": 0.9031326174736023
}