{
  "soundId": 164,
  "soundCategory": 6,
  "x": 144,
  "y": 608,
  "z": 104,
  "volume": 0.4000000059604645,
  "pitch": 1.0926085710525513
}