{
  "soundId": 164,
  "soundCategory": 6,
  "x": 135,
  "y": 608,
  "z": 96,
  "volume": 0.4000000059604645,
  "pitch": 1.1909193992614746
}