{
  "entityId": 110,
  "x": 99.041663881067,
  "y": 70.20000000298023,
  "z": 233.12499084219178,
  "yaw": -14,
  "pitch": 0,
  "onGround": false
}