{
  "entityId": 74,
  "objectUUID": "5b7187ce-e719-4d6d-a187-5ccb03f89e67",
  "type": 37,
  "x": -140.50525358319283,
  "y": 70.57988977432251,
  "z": -92.51221710443497,
  "pitch": 0,
  "yaw": 89,
  "objectData": 0,
  "velocityX": -744,
  "velocityY": 1600,
  "velocityZ": 221
}