{
  "entityId": 30,
  "x": -27.500080269458387,
  "y": 76.92159999847412,
  "z": -274.6047049142852,
  "yaw": -44,
  "pitch": 0,
  "onGround": false
}