{
  "entityId": 426,
  "x": -64.02097346646487,
  "y": 21,
  "z": 207.5980749883225,
  "yaw": -2,
  "pitch": 0,
  "onGround": true
}