{
  "entityId": 426,
  "x": -64.23705005830007,
  "y": 21.120018950713106,
  "z": 207.68714001722202,
  "yaw": 79,
  "pitch": 0,
  "onGround": false
}