{
  "entityId": 66,
  "entityUUID": "f73f3e44-e8cd-4a17-bc2e-1a807e85f54f",
  "type": 32,
  "x": -132.32514555248753,
  "y": 66,
  "z": 146.34564798938416,
  "yaw": -73,
  "pitch": 0,
  "headPitch": -20,
  "velocityX": 0,
  "velocityY": -627,
  "velocityZ": 0
}