{
  "entityId": 65,
  "entityUUID": "aa850803-bfd6-430c-8a30-512d6c332733",
  "type": 32,
  "x": -134.5146190149795,
  "y": 66,
  "z": 145.08590375853777,
  "yaw": 30,
  "pitch": 0,
  "headPitch": 30,
  "velocityX": 0,
  "velocityY": -627,
  "velocityZ": 0
}