{
  "entityId": 312,
  "x": 147.64095000321268,
  "y": 26,
  "z": -1.5409500017225743,
  "yaw": -60,
  "pitch": 0,
  "onGround": true
}