{
  "entityId": 12,
  "x": -267.99389374652895,
  "y": 64,
  "z": -121.99389433222261,
  "yaw": -32,
  "pitch": 0,
  "onGround": true
}