{
  "entityId": 297,
  "x": 153.35904999678732,
  "y": 42,
  "z": -148.35904999678732,
  "yaw": 32,
  "pitch": 0,
  "onGround": true
}