{
  "entityId": 268,
  "x": -118.45904999827742,
  "y": 22,
  "z": 163.54095000172256,
  "yaw": 96,
  "pitch": 0,
  "onGround": true
}