{
  "entityId": 311,
  "x": 146.54095000172256,
  "y": 26,
  "z": 2.3590499967873098,
  "yaw": 123,
  "pitch": 0,
  "onGround": true
}