{
  "entityId": 270,
  "x": -102.54095000172258,
  "y": 22,
  "z": 159.64095000321268,
  "yaw": -4,
  "pitch": 0,
  "onGround": true
}