{
  "entityId": 305,
  "x": 50.35904999678731,
  "y": 27,
  "z": -137.44999999925494,
  "yaw": 43,
  "pitch": 0,
  "onGround": true
}