{
  "entityId": 306,
  "x": 46.35904999678731,
  "y": 27,
  "z": -138.64095000321268,
  "yaw": 96,
  "pitch": 0,
  "onGround": true
}