{
  "entityId": 312,
  "x": 147.7765928420101,
  "y": 26.120018950713106,
  "z": -1.578784865046227,
  "yaw": -91,
  "pitch": 0,
  "onGround": false
}