{
  "entityId": 228,
  "x": 167.54095000172256,
  "y": 30,
  "z": -228.54095000172256,
  "yaw": 32,
  "pitch": 0,
  "onGround": true
}