{
  "entityId": 311,
  "x": 146.29126999130395,
  "y": 26.120018950713106,
  "z": 2.4536231358639844,
  "yaw": 38,
  "pitch": 0,
  "onGround": false
}