{
  "entityId": 1601,
  "objectUUID": "0c2d9260-c104-424a-8385-625519104812",
  "type": 2,
  "x": -203.389762789011,
  "y": 28.68960350751877,
  "z": -203.64627522230148,
  "pitch": 0,
  "yaw": 113,
  "objectData": 1,
  "velocityX": -20,
  "velocityY": 1600,
  "velocityZ": -324
}