{
  "entityId": 1602,
  "objectUUID": "fd86a14d-97df-451b-9db1-383fcab23671",
  "type": 2,
  "x": -201.48461478948593,
  "y": 28.32115438580513,
  "z": -203.49634191393852,
  "pitch": 0,
  "yaw": -97,
  "objectData": 1,
  "velocityX": 781,
  "velocityY": 1600,
  "velocityZ": 422
}