{
  "soundId": 156,
  "soundCategory": 6,
  "x": 1492,
  "y": 544,
  "z": 2140,
  "volume": 0.4000000059604645,
  "pitch": 1.0299506187438965
}