{
  "soundId": 156,
  "soundCategory": 6,
  "x": 1540,
  "y": 544,
  "z": 2116,
  "volume": 0.4000000059604645,
  "pitch": 1.0249412059783936
}