{
  "entityId": 115,
  "x": -69.45392809945305,
  "y": 66.41999998688698,
  "z": 222.55000001192093,
  "yaw": 1,
  "pitch": 0,
  "onGround": false
}