{
  "entityId": 307,
  "x": 119.48353805157677,
  "y": 37,
  "z": 217.58353805306686,
  "yaw": 37,
  "pitch": 0,
  "onGround": true
}