{
  "entityId": 240,
  "x": -132.6406171343878,
  "y": 27,
  "z": 181.3590831189694,
  "yaw": 90,
  "pitch": 0,
  "onGround": true
}