{
  "entityId": 199,
  "x": -124.65594247846573,
  "y": 75.41999998688698,
  "z": 292.5000058722694,
  "yaw": 64,
  "pitch": 0,
  "onGround": false
}