{
  "entityId": 144,
  "x": 210.5589168783066,
  "y": 69.41999998688698,
  "z": 182.55000001192093,
  "yaw": 1,
  "pitch": 0,
  "onGround": false
}