{
  "entityId": 254,
  "x": 303.46121370953847,
  "y": 27.027663997414827,
  "z": -162.43396767341338,
  "yaw": -40,
  "pitch": 0,
  "onGround": false
}