{
  "particleId": 38,
  "longDistance": false,
  "x": -154.6999969482422,
  "y": 72,
  "z": 274.8924865722656,
  "offsetX": 0,
  "offsetY": 0,
  "offsetZ": 0,
  "particleData": 0.15000000596046448,
  "particles": 40,
  "data": [
    2
  ]
}